first_name,last_name
John,Smith
Jane,Doe
Michael,Johnson
Emily,Williams
Chris,Brown
Sarah,Jones
David,Miller
Amanda,Davis
James,Garcia
Jessica,Martinez
Daniel,Hernandez
Ashley,Lopez
Ryan,Wilson
Laura,Anderson
Brandon,Thomas
Natalie,Taylor
Justin,Moore
Megan,Martin
Joshua,Jackson
Rebecca,Lee
Andrew,White
Rachel,Harris
Kyle,Clark
Michelle,Lewis
Kevin,Robinson
Sophia,Walker
Brian,Young
Amber,King
Nicholas,Scott
Katherine,Green
Matthew,Baker
Brittany,Hall
Ethan,Adams
Samantha,Campbell
Alexander,Mitchell
Victoria,Carter
Jason,Roberts
Alexandra,Phillips
Eric,Evans
Stephanie,Turner
Benjamin,Torres
Anna,Parker
Mark,Collins
Melissa,Edwards
Adam,Stewart
Tiffany,Sanchez
Nathan,Morris
Brittney,Rogers
Patrick,Reed
Chloe,Cook
Zachary,Morgan
Lisa,Bell